id,name,global_price,unit
1,"酸臭方块",8,"包"
2,"红色风暴",11.5,"包"
3,"翠花",7.8,"包"
4,"蚯蚓",2,"盒"
5,"王者之战",8.2,"包"
6,"福联伞",52,"把"
7,"鲫鱼套餐",6.5,"包"
8,"易包搞定腥",12,"包"
9,"邓刚浮钓链",325,"件"
10,"快意江湖",21,"包"
11,"打勺窝",2.2,"个"
12,"小白条",3.4,"包"
13,"VB玉米",1.8,"瓶"
14,"逍遥青颗粒",17,"袋"
15,"逍遥青挂饵",11,"瓶"
16,"黑妞颗粒",12,"瓶"
17,"6孔伞笼",9,"个"
18,"8孔伞笼",10,"个"
19,"改良翻板钩",3,"包"
20,"牛P红虫颗粒",7.5,"包"
21,"牛B水",2.5,"瓶"
22,"电池",0.8,"个"
23,"纳米漂",3.5,"支"
24,"小浮漂",1.4,"支"
25,"白鲨花篮饵",7.8,"包"
26,"不锈钢抄网",22,"套"
27,"感应头灯",24,"个"
28,"傲湖太空豆",0.6,"包"
29,"铜头漂座",1,"包"
30,"万能神捕",2.5,"包"
31,"竞技鱼护",24,"个"
32,"漂盒",20,"个"
33,"木抄网",9,"个"
34,"河鱼王",7.3,"包"
35,"甜嫩玉米",1.8,"瓶"
36,"天网甜薯玉米",5.5,"包"
37,"调位双钩",2.5,"包"
38,"抄网头",11,"个"
39,"大物纳米漂",3.5,"支"
40,"锐鹰子线钩",2.8,"包"
41,"脱钩器",6,"个"
42,"笼网宝",2.5,"包"
43,"天元复合拉丝粉",10.8,"瓶"
44,"名捕拉丝粉",6,"瓶"
45,"西北风老坛维它米",9.5,"瓶"
46,"天网伙食米",5.6,"瓶"
47,"纵横四方6号",20,"包"
48,"全能腥",7.6,"包"
49,"蓝鲫X5",7.3,"包"
50,"小速攻腥版",4,"包"
51,"狼牙手绑钩",12,"板"
52,"巨烽双钩",5.8,"板"
53,"大号木抄网",13,"个"
54,"中号木抄网",9,"个"
55,"全能香",7.8,"包"
56,"复合拉丝粉",10.5,"瓶"
57,"刘志强爆护",2.8,"瓶"
58,"九一八加酒米",7.8,"包"
59,"手绑新关东",12,"板"
60,"手绑伊豆",11.5,"板"
61,"手绑金海夕",2.5,"板"
62,"大板鲫",4.2,"包"
63,"刘志强全能窝",8.8,"包"
64,"不空军鲢鳙",12.5,"包"
65,"纵横四方老版1号",17,"包"
66,"纵横四方升级版1号",22,"包"
67,"九一八腥版",6.5,"包"
68,"太湖一号蓝莓珠珠",30,"瓶"
69,"老鬼南极磷虾拉",8,"包"
70,"老鬼南极磷蚯拉",3,"包"
71,"九狼翻板钩",3,"包"
72,"诺龙翻板钩",3,"包"
73,"麝香酒",6,"瓶"
74,"易包搞定香",12,"包"
75,"龙王恨拉丝粉",6,"瓶"
76,"黑坑线组",5,"付"
77,"赛道",16,"包"
78,"菜柏饼",304,"件"
79,"军工椅",23,"把"
80,"军工凳",14,"把"
81,"彩线",9,"包"
82,"感应灯",24,"个"
83,"太空豆",14,"包"
84,"斩妖",93,"支"
85,"名捕",6,"瓶"
86,"巨烽袖无刺",5.8,"板"
87,"白鲨酸臭方块",7.8,"包"
88,"空心铅",1.8,"个"
89,"拉丝粉",2.8,"瓶"
90,"鱼浪酒米",2.4,"瓶"
91,"伙食米",6.8,"瓶"
92,"倒钓钩",6.5,"包"
93,"红湘霸",6.6,"包"
94,"神野",4.8,"包"
95,"升级版蓝鲫",6,"包"
96,"大力马100米",10,"个"
97,"全磁拉饵盘",20,"个"
98,"拉饵盘",10,"包"
99,"特大太空豆",20,"包"
100,"浮漂连接环",30,"包"
101,"特奔轮",76,"个"
102,"三体",10.8,"包"
103,"海竿地插",2.5,"个"
104,"特大海漂",0.7,"个"
105,"大号海漂",50,"包"
106,"502胶水",1.2,"支"
107,"泡沫球",0.7,"个"
108,"西北风维它米",8.8,"瓶"
109,"红虫风暴",10.8,"包"
110,"神野风暴",5,"包"
111,"天网伙食碎米",5.6,"瓶"
112,"南极虾粉",3,"包"
113,"蓝凳子",9.5,"把"
114,"3.6米钓竿",10,"支"
115,"4.5米钓竿",14,"支"
116,"伏兵",48,"支"
117,"风神",63,"支"
118,"大鲫终结者",10,"包"
119,"地狱猫",6.5,"包"
120,"血麦",3,"瓶"
121,"九一八狂拉",7.8,"包"
122,"草莓方块",8,"包"
123,"地狱猫腥",6.8,"包"
124,"地狱猫香",6.6,"包"
125,"野牛一号",7,"包"
126,"易包搞定腥香",12,"包"
127,"天元千里香",15.5,"包"
128,"天元虾肉散炮",12,"包"
129,"三层网",18,"条"
130,"浮漂座",1.2,"包"
131,"防鸟网",8.5,"条"
132,"冠军杯纳米漂",20,"支"
133,"老鬼虾拉",8,"包"
134,"天元嫩玉米",13,"包"
135,"达摩",10,"盘"
136,"湘霸",6.6,"包"
137,"糠饼",9.5,"个"
138,"全能腥香",8,"包"
139,"巨无霸",6.5,"包"
140,"野战蓝鲫",5.2,"包"
141,"货票",8,"件"
142,"射香酒",8,"瓶"
143,"老G散炮鲫",11,"包"
144,"600克伙食米碎米",5.6,"瓶"
145,"240克来得快酒米",2.4,"瓶"
146,"钢丝绳打虾器",13.5,"个"
147,"老鬼小肽蛋白",12.5,"包"
148,"巨物太空豆",0.7,"个"
149,"锐鹰翻板钩",3,"包"
150,"锚钩",2.8,"个"
151,"伙食米碎米",6.8,"瓶"
152,"西部风老坛五谷杂粮",8,"包"
153,"西部风老坛甜薯玉米",7.8,"包"
154,"1+1草鱼颗粒",4,"瓶"
155,"全能兄弟",7,"包"
156,"今晚吃鱼",6.5,"包"
157,"不空军",5.5,"包"
158,"鱼浪红大米",2.3,"瓶"
159,"巨烽伊豆双钩",5.8,"板"
160,"天网生鲜玉米",6.2,"包"
161,"快速针别",0.7,"包"
162,"硅胶座浮漂",1.2,"包"
163,"PE线",50,"盘"
164,"七星漂",20,"板"
165,"打渔郎下水裤",60,"条"
166,"网子",4.5,"个"
167,"铁耙抄网",28,"个"
168,"血防鞋",28,"双"
169,"黑猫白猫",6.3,"包"
170,"九一八香经典",7.8,"包"
171,"钢弹2号",6,"包"
172,"乙烯线",8,"坨"
173,"铁耙网",18,"个"
174,"粗线网子",6.5,"个"
175,"三层网2m",100,"条"
176,"三层网1.5m",90,"条"
177,"拉丝粉名捕",6,"瓶"
178,"谷子大师",9,"包"
179,"鱼竿3.6m",10,"支"
180,"4.5m",14,"支"
181,"西部风老坛维它米",6.2,"瓶"
182,"天元鲫",6,"包"
183,"浮低抽心",37,"包"
184,"串钩坨",0.4,"个"
185,"串钩",2.5,"付"
186,"纵横四方2号",17,"包"
187,"钢蛋2号",6,"包"
188,"钢蛋3号",4,"包"
189,"铁网头",18,"个"
190,"来得快",6.5,"包"
191,"巨烽袖有刺",5.8,"板"
192,"全能药包",2.5,"包"
193,"鱼护",9,"个"
194,"鱼护包",22,"个"
195,"靠背椅",17,"个"
196,"变色电子漂",5.5,"支"
197,"特价杆",36,"支"
198,"名轮轻风神",65,"支"
199,"多用漂盒",16,"个"
200,"浅水漂",1.3,"支"
201,"旋风纳米漂",3,"支"
202,"大头纳米漂",3.5,"支"
203,"配节",12,"套"
204,"天元浮钓鲢",14,"包"
205,"浮底抽心",19,"包"
206,"虾饵",2.5,"包"
207,"蓝鲫风暴",6.5,"包"
208,"金版蓝鲫",6,"包"
209,"好槺饼",9.5,"个"
210,"吴亚",37,"包"
211,"虾网",3.5,"个"
212,"7节毫",5.3,"个"
213,"加重虾笼",22,"个"
214,"天元鲢鳙2袋",10,"包"
215,"老鬼黑鲢",10,"包"
216,"浮底抽心果味",37,"包"
217,"全能腥香",6.6,"包"
218,"万能蚯蚓",2.3,"包"
219,"密制羊油饼",4,"包"
220,"冠军杯大师版",260,"支"
221,"1十1草",4,"瓶"
222,"锐鹰子线钩袖1号",2.7,"包"
223,"鲢鳙漂",0.5,"个"
224,"亮片",3.8,"个"
225,"米诺",4,"个"
226,"软鱼",4,"包"
227,"好糠饼",9.5,"个"
228,"浮底抽心本味",37,"包"
229,"川井十字方块钩",3.5,"包"
230,"钓鱼王腥香",5.5,"包"
231,"剪刀",4.5,"把"
232,"3指网",14,"条"
233,"不锈钢抄网杆",10,"支"
234,"饵料球",0.12,"个"
235,"神奇小米",4,"瓶"
236,"纯玉米窝",6,"包"
237,"酒糟窝",6,"包"
238,"天元鲢鳙2代",6,"包"
239,"地狱猫腥香",6.6,"个"
240,"全能腥香",7.8,"包"
241,"台杆尖",3,"支"
242,"绿线",1,"把"
243,"换大8孔伞笼",1,"个"
244,"黑坑线组4.5m",5,"付"
245,"3.6m",5,"付"
246,"7.2m",5,"付"
247,"虾满笼",3.2,"件"
248,"纵横江湖速攻",8,"包"
249,"渔护",9,"个"
250,"特价鱼护",18,"个"
251,"老坛五谷杂粮",8,"包"
252,"防鸟网长",17,"条"
253,"中长",8.5,"条"
254,"手绑金袖",12,"板"
255,"黑坑线组7.2m",5,"付"
256,"左鳙右爆",10,"包"
257,"志强鲢鳙",10.5,"包"
258,"鳝大娃",6,"瓶"
259,"虾诱灵",3.5,"瓶"
260,"亮剑伊势尼",2.5,"包"
261,"舞动天元嫩玉米",11,"包"
262,"深水炸弹",2.5,"包"
263,"老秘方",2.5,"包"
264,"黑猫",6.5,"包"
265,"白猫",6.5,"包"
266,"特大电子漂",3.2,"个"
267,"3.6黑坑线组",5,"付"
268,"鲢鳙铅坠",1,"个"
269,"易包搞定腥香",12.5,"包"
270,"欧申发光棒",50,"盒"
271,"特大鲢鱼漂",0.7,"个"
272,"1指撒网",100,"条"
273,"天元鲢鳙二代",10,"包"
274,"锐鹰子线钩袖",2.7,"包"
275,"甲鱼钩线组",2,"套"
276,"黄尾刺客",5.5,"包"
277,"黄尾G窝",7,"包"
278,"1+1草",4,"瓶"
279,"大物变色电子漂",12,"套"
280,"8孔",10,"个"
281,"蛮将",25,"支"
282,"易包搞定腥香",12,"包"
283,"巨物网头",18,"个"
284,"快意江湖大混养",21,"包"
285,"九一八",7.8,"包"
286,"500米线",18,"盘"
287,"蓝魔轮",40,"个"
288,"火麒麟尖12节",15,"套"
289,"鲢鱼铅",0.7,"个"
290,"七节毫",5.3,"个"
291,"牛B水大",7,"瓶"
292,"大8孔伞笼",11.5,"个"
293,"三层网4指",23,"条"
294,"黑色鲢鳙漂",0.5,"个"
295,"鲢鱼电漂子",3,"个"
296,"丹尼富电池",80,"盒"
297,"锐鹰子线钩伊豆",2.7,"包"
298,"伞脚",4.5,"个"
299,"3.9m线组",5,"付"
300,"来得快4号",6.3,"包"
301,"鲜蚯蚓拉",8,"包"
302,"快枪手翘嘴",3.6,"包"
303,"粗线虾网",7.5,"个"
304,"快速铅",35,"包"
305,"绿湘霸",6.6,"包"
306,"红绿湘霸",6.6,"包"
307,"黑坑线组6.3m",5,"付"
308,"海豆环",30,"包"
309,"锐鹰子线钩袖无刺",2.7,"包"
310,"鲢鱼漂",50,"包"
311,"虾丸",2.5,"包"
312,"大速攻2号",8,"包"
313,"老鬼竞技拉丝粉",6.2,"瓶"
314,"老坛甜薯果酸玉米",7.5,"包"
315,"锐鹰子线钩有刺",2.8,"包"
316,"地狱猫腥",6.8,"包"
317,"黑坑线组3.66.3",5,"付"
318,"打窝勺",2,"个"
319,"6000轮朔头",26,"个"
320,"黑坑线组3.6m",5,"付"
321,"地狱猫香",6.5,"包"
322,"40公分鱼护",42,"个"
323,"6.3m",5,"付"
324,"全能香腥",8,"包"
325,"天元邓刚鲢",12.5,"包"
326,"吴亚浮底抽心果味",18.5,"包"
327,"红湘霸红虫味",6.6,"包"
328,"锐鹰子线钩无刺",2.8,"包"
329,"钢弹3号",4.7,"包"
330,"白鲨二代三代",8,"包"
331,"天元浮钓鲢二代",10,"包"
332,"小鱼护",9,"个"
333,"精品鱼护33公分",24,"个"
334,"海竿漂",0.5,"包"
335,"地狱猫香腥",6.9,"包"
336,"酸臭方块二代",8,"包"
337,"颗粒鲫鲤草",1.2,"包"
338,"七丈青甜玉米",5.5,"包"
339,"黑坑线组5.4m",5,"付"
340,"纽扣电池",0.8,"个"
341,"铅皮",9,"包"
342,"浮底抽心2000g",37,"包"
343,"吴亚香甜散炮",14,"包"
344,"九一八腥香",7.8,"包"
345,"电子漂",3.5,"支"
346,"蛮将2.7m",28,"支"
347,"3m",31,"支"
348,"万江鱼酸臭",7,"包"
349,"鬼牙翻板钩",3,"付"
350,"黑金LB6000",40,"个"
351,"抄网杆",10,"根"
352,"3.6线组",2.5,"付"
353,"5.4m",5,"付"
354,"蓝鲫青春版",6.5,"包"
355,"白鲨酸臭二代",7.8,"包"
356,"全能腥香",8,"包"
357,"神影颗粒",16,"包"
358,"刘志强5311",10.2,"包"
359,"黑坑线组3.9m",5,"付"
360,"老坛维它米",8.8,"瓶"
361,"1十1草鲫",4,"瓶"
362,"手绑金海夕无刺",12,"板"
363,"纵横四方鲤炮6号",20,"包"
364,"1.5m鱼护",14,"个"
365,"加重围网",10,"米"
366,"邓刚浮钓鲢",13.5,"包"
367,"全能窝谷子大师二代",280,"件"
368,"纵纵横四方2号鲫",21,"包"
369,"刘志强窝米",8.8,"瓶"
370,"七彩小米",6,"瓶"
371,"铅头钩",18,"包"
372,"软虫",3,"包"
373,"大速攻",7.8,"包"
374,"全能5311",10.5,"包"
375,"巨物线组7.2m8.1m",12,"盘"
376,"野钓青春",6,"包"
377,"大号折叠碗",4,"个"
378,"蝴蝶钩",1,"个"
379,"电子鲢鳙漂",3.8,"个"
380,"22cm水晶轮",18,"个"
381,"海绵电子漂",3.8,"套"
382,"长条铅",1.8,"个"
383,"七星漂线组",2.6,"付"
384,"海豆连接环",30,"包"
385,"仿生串钩",2.5,"包"
386,"两用支架",1.5,"个"
387,"强力主线",5,"包"
388,"甜嫩玉米大",4.5,"瓶"
389,"甜玉米",4.5,"瓶"
390,"九一八经典版",7.8,"包"
391,"100米线",5,"盘"
392,"岸田炸弹钩",4.5,"包"
393,"红虫螺鲤",6.2,"包"
394,"库战翘嘴",6.5,"包"
395,"红黄湘霸",6.6,"包"
396,"翻板铅",0.7,"个"
397,"不锈钢三节打窝勺",2.5,"个"
398,"炮台支架",4.5,"个"
399,"海竿支架",2.5,"个"
400,"铁板",4,"个"
401,"狼牙手绑钩伊豆",11.5,"板"
402,"狼牙手绑钩海夕无刺",11.5,"板"
403,"狼牙手绑钩关东",11.5,"板"
404,"一指网",8.5,"条"
405,"二指",14,"条"
406,"老G嫩玉米",11.5,"包"
407,"水上漂",2,"个"
408,"速诱鲢鳙",12,"瓶"
409,"1十1鲫草",4,"瓶"
410,"长鱼袋",7.5,"个"
411,"粗线鱼袋",7.5,"个"
412,"虾笼",13,"个"
413,"壹明王头灯",65,"个"
414,"亮之友头灯",36,"个"
415,"黄鳝笼好",7.5,"个"
416,"黄鳝笼",5.5,"个"
417,"特效王",5.5,"包"
418,"老G拉大饵",14,"包"
419,"方块鲢鳙钩",3.3,"包"
420,"狼牙新关东",11.5,"板"
421,"2000轮朔头",20,"个"
422,"1指网",8.5,"条"
423,"白光金钩",2.4,"付"
424,"抄网袋",4.5,"个"
425,"蛮将尖2节",0,"支"
426,"金海夕",2.5,"包"
427,"河鱼王3号",7.3,"包"
428,"狼牙手绑新关东",12,"板"
429,"连接环大",25,"包"
430,"白鲨酸臭三代",312,"件"
431,"锐鹰调位双钩",2.5,"包"
432,"巨烽伊豆双钩4号",5.5,"板"
433,"巨烽袖有刺双钩5号",5.5,"板"
434,"黑坑线组8.1m4号",5,"付"
435,"补酒米差价",1.2,"瓶"
436,"老鬼鲜蚯拉",8,"包"
437,"颗粒鲫",1.2,"包"
438,"甲鱼灵",2.8,"瓶"
439,"米若",3.8,"个"
440,"电子黑朔料漂",3.5,"套"
441,"开口剂",7,"瓶"
442,"甜果酸",5,"瓶"
443,"红虫液",2,"瓶"
444,"千里香",5.5,"瓶"
445,"大号电子漂",3.2,"个"
446,"雷蛙",3.8,"个"
447,"黑坑线组45m",5,"付"
448,"黑坑线组7.2",5,"付"
449,"2指",14,"条"
450,"无节网袋",2.5,"个"
451,"特大晒网",16,"个"
452,"双笼",6,"盒"
453,"神野风爆",5,"包"
454,"4.8m",5,"付"
455,"7.2m8.1m",5,"付"
456,"黄湘霸",6.6,"包"
457,"白鲨酸臭方块慢",312,"件"
458,"魔将双钩",3.3,"包"
459,"螺鲤2号",12.8,"包"
460,"颗粒草",1.2,"包"
461,"黄鳝钳",8,"把"
462,"黑坑线组8.1m",5,"付"
463,"处理爆炸钩",3.5,"包"
464,"挂钩",3,"个"
465,"4.5米线组",5,"付"
466,"手绑伊势尼",12,"板"
467,"甲鱼钩",0.4,"付"
468,"仿生虾",6,"包"
469,"悍战鲤",105,"支"
470,"麻毫",22,"个"
471,"长虾网",5.5,"个"
472,"长虾网1.5m",10,"个"
473,"囤箱",15,"个"
474,"手把带",3.2,"个"
475,"6000金属轮无间隙",60,"个"
476,"虾皮钩",2.5,"付"
477,"铅头钩5g",20,"包"
478,"浮底抽心二代",28,"包"
479,"软心铅",0.55,"个"
480,"草鲤颗粒",1.2,"包"
481,"管付串钩",2.5,"付"
482,"中号折叠碗",2.8,"个"
483,"速散酒米",5.8,"包"
484,"刘志强爆护杯",2.6,"杯"
485,"硅胶太空豆",70,"包"
486,"经典美人鱼",20,"盘"
487,"手绑金海夕有刺",11.5,"板"
488,"处理漂",1.5,"支"
489,"名轮轻",55,"支"
490,"线抽",16,"包"
491,"白鲨方块",8,"包"
492,"鲢鱼铅坠",1.4,"个"
493,"大物豆",0.7,"包"
494,"矶钓电子漂",8.5,"套"
495,"充电器",7,"个"
496,"关东4号",2.5,"包"
497,"21节虾笼",16,"个"
498,"纵横四方鲫炮",16,"包"
499,"纵横四方鲫炮2号",21,"包"
500,"桐木漂",1.5,"支"
501,"快意江湖鲫窝",21,"包"
502,"22公分轮子",13,"个"
503,"子线板",0.4,"个"
504,"返底钓组",4.5,"包"
505,"金海夕无刺",2.5,"包"
506,"黄古窝",4,"包"
507,"老鬼鲜蚯蚓拉",8.3,"包"
508,"8子环",1.2,"包"
509,"甲鱼针",0.25,"个"
510,"1十1鲫",4,"瓶"
511,"中湘达头灯",17,"个"
512,"亮之友充电线",7,"个"
513,"经典美人鱼子",20,"盘"
514,"通价杆",35,"支"
515,"毫须",0.2,"个"
516,"33节地笼王",47,"个"
517,"黑泡1指",17,"条"
518,"长头1指",42,"条"
519,"地笼王",50,"个"
520,"2指网",14,"条"
521,"地狱猫腥香",6.5,"包"
522,"颗粒鲫鲤",1.2,"包"
523,"彩诱米",6.5,"瓶"
524,"加密地笼",145,"个"
525,"方晓东笼",13,"个"
526,"一字毫",1.8,"个"
527,"毫需",0.2,"个"
528,"佳格头灯",18,"个"
529,"竹耙网",19,"个"
530,"海杆导环",0.6,"个"
531,"33节地笼",47,"个"
532,"20m加密地笼",146,"个"
533,"8分三层",63,"条"
534,"9分三层",63,"条"
535,"凳子",9.5,"把"
536,"一指网8分",60,"条"
537,"大号打窝器",1,"个"
538,"伊豆",2.5,"包"
539,"袖钩",2.5,"个"
540,"战鲸路亚杆",80,"支"
541,"PE线100m",18,"盘"
542,"60公分网头",16,"个"
543,"40公分网头",7.5,"个"
544,"长头鸟网",17,"条"
545,"电网子",1.8,"个"
546,"锐鹰伊豆",2.7,"包"
547,"猎天下",11,"包"
548,"3指三层",65,"条"
549,"特大海杆漂",0.7,"个"
550,"塑芯铅",0.35,"个"
551,"680w壹明王头灯",65,"个"
552,"米糠饼",8.2,"包"
553,"白鲨二代",7.8,"包"
554,"来得快3号",6.3,"包"
555,"易包搞定",12,"包"
556,"绿黄红湘霸",6.6,"包"
557,"17节虾笼",13,"个"
558,"绿色线",1,"扎"
559,"4指",14,"条"
560,"5指",14,"条"
561,"1指",8.5,"条"
562,"双孔泵",16,"套"
563,"纵横四方鲤炮",21,"包"
564,"旭川电子漂",7,"套"
565,"草鱼颗粒",1.2,"包"
566,"1十1草鲫鲤",4,"瓶"
567,"巨烽袖",5.8,"板"
568,"处理抄网杆",12,"支"
569,"35公分网头",11,"个"
570,"雨衣",4.8,"件"
571,"春雨雨衣",28,"套"
572,"黄鳝笼拱门",4.8,"个"
573,"7节笼",5.5,"个"
574,"白鲨菜饼",7.8,"包"
575,"管子",22,"捆"
576,"沙坨",0.5,"个"
577,"5指三层",38,"条"
578,"三层网长",65,"条"
579,"4孔泵",65,"个"
580,"西部风老坛糖化玉米",8,"包"
581,"颗粒鲫草",1.2,"包"
582,"海竿环",0.7,"个"
583,"大物网头",18,"个"
584,"甜嫩玉米小",1.8,"瓶"
585,"甜嫩玉米大",5,"瓶"
586,"大鱼笼",23,"个"
587,"带脚虾笼",13,"个"
588,"铃铛",35,"包"
589,"鲫鱼颗粒",1.2,"包"
590,"十字方块钩",3.5,"包"
591,"老坛玉米",7.8,"包"
592,"鱼袋",4.2,"个"
593,"好45指网",42,"条"
594,"路亚杆",38,"支"
595,"黄红绿湘霸",6.6,"包"
596,"麻雀网",6.5,"条"
597,"大号链接环",26,"包"
598,"来得快34",6.3,"包"
599,"增氧泵45w",135,"个"
600,"05",3,"包"
601,"万能神捕药包",2.3,"包"
602,"乙烯绳",9,"斤"
603,"25公分精品鱼护",12,"个"
604,"甜嫩玉米大瓶",5,"瓶"
605,"海竿单插",1,"个"
606,"铁圈网头",5.5,"个"
607,"天网超度玉米",6.2,"包"
608,"线组5.4m",5,"付"
609,"40",60,"条"
610,"43",60,"条"
611,"倍特锋十字方块钩",3.5,"包"
612,"颗粒鲫草鲤",1.2,"包"
613,"巨烽伊势尼",5.8,"板"
614,"40公分2.5m鱼护",78,"个"
615,"黄绿湘霸",6.6,"包"
616,"老坛五谷杂粮酒香",8,"包"
617,"取钩器",0.3,"个"
618,"撒网",55,"条"
619,"飞盘网",105,"条"
620,"16节虾笼",13,"个"
621,"好4指",42,"条"
622,"好6指",40,"条"
623,"黄鳝药",3.5,"瓶"
624,"方格虾笼",21,"个"
625,"一字豪",1.8,"个"
626,"晒网",15,"个"
627,"黄善药",6,"瓶"
628,"四方笼",7.5,"个"
629,"巨烽伊豆",5.8,"板"
630,"手把带好",6,"个"
631,"鱼苗网",14,"米"
632,"5指网",42,"条"
633,"血防鞋好",30,"双"
634,"1指高",8.5,"条"
635,"鲢鳙铅",0.7,"个"
636,"金钢炸处理",4.5,"包"
637,"6指网",40,"条"
638,"好7指",42,"条"
639,"鲫鱼网",14,"条"
640,"浮水虾",5,"包"
641,"好3指",42,"条"
642,"无结网袋",2.5,"个"
643,"密木抄网",9,"个"
644,"铁把抄网",28,"个"
645,"好5指",40,"条"
646,"好手把带",5.5,"个"
647,"好4指5指",42,"条"
648,"打渔郎下水裤好",73,"条"
649,"黑坑线组3.9m4.5m",5,"付"
650,"不锈钢支架",15,"个"
651,"7.2m名伦",150,"支"
652,"2.5m抄网",24,"套"
653,"好血防鞋",36,"双"
654,"鱼桶",18,"个"
655,"七字毫",4,"个"
656,"散炮盆",12,"个"
657,"运费",5,"件"
658,"33公分2m鱼护",15,"个"
659,"今晚吃鱼香",6.6,"包"
660,"密鱼护",9,"个"
661,"打渔郎下水裤黄",73,"条"
662,"打渔郎下水裤好",73,"条"
663,"迷彩血防鞋",36,"双"
664,"两米双档",97,"把"
665,"一体桶",72,"个"
666,"35公分鱼护",60,"个"
667,"鲢鳙钩",3.5,"包"
668,"1十1鲫",4,"瓶"
669,"青鲤质剑",165,"支"
670,"新关东5号",2.5,"包"
671,"纳米漂千重雪",35,"盒"
672,"3.6线组1。21.52.0",3,"付"
673,"4.5m1.21.52.0",3,"付"
674,"5.4m1.21.52.0",3,"付"
675,"6.3m黑坑线组2.53.04.0",5,"付"
676,"大铃铛",50,"包"
677,"大笼",17,"个"
678,"鲫炮",16,"包"
679,"狼牙手绑伊豆",11.5,"板"
680,"软虫大",4,"包"
681,"全身衣",105,"件"
682,"海夕",2.5,"包"
683,"名伦轻",61,"支"
684,"25g",0.68,"个"
685,"30g",0.75,"个"
686,"慢",320,"件"
687,"海夕钩",2.6,"包"
688,"雷强一代",160,"个"
689,"铝合金三角抄网杆",20,"支"
690,"蓝魔轮朔头",26,"个"
691,"军绿金属轮",60,"个"
692,"路亚浅杯轮",60,"个"
693,"大蚯蚓",2,"盒"
694,"达魔线",10,"盘"
695,"大号",2.8,"个"
696,"黑三角铝合金抄网杆",20,"支"
697,"果酸迷诱",4,"瓶"
698,"豆豆漂",0.6,"包"
699,"湖库大速攻",7.8,"包"
700,"蓝魔金属轮",40,"个"
701,"三层网5指",100,"条"
702,"达摩线",10,"盘"
703,"手杆鲢鳙钩",3.5,"包"
704,"果酸",4,"瓶"
705,"颗粒鲫草",1.2,"包"
706,"达摩5号",10,"个"
707,"前堵",0,"个"
708,"6000金属蓝魔",42,"个"
709,"颗粒鲤",1.2,"包"
710,"一窝疯",8,"包"
711,"13号虾皮钩",2.4,"付"
712,"大号太空豆",14,"包"
713,"暴力果酸",6,"瓶"
714,"三层1指",65,"条"
715,"浮钓链",14.5,"包"
716,"倍特锋方块钩",3.5,"付"
717,"剑伊势尼",2.5,"包"
718,"杆尖线",0,"个"
719,"鲜蚯蚓拉蚯拉",8,"包"
720,"铅头钩7g",20,"包"
721,"无间隙GA3000",57,"个"
722,"蓝魔金属2000",34,"个"
723,"纵纵横四方鲫炮2号",20,"包"
724,"GA无间隙6000",65,"个"
725,"GA无间隙7000",68,"个"
726,"巨物线组6.37.2m",12,"盘"
727,"2.4m光威路亚杆",190,"支"
728,"PE线150米空手道",48,"盘"
729,"龙王恨虾粉",3,"包"
730,"三角6钩翻板钩",3,"付"
731,"酸臭慢饼",320,"件"
732,"海杆导环尖",0.7,"个"
733,"来得快2号",6.3,"包"
734,"牛B鲫水",2.5,"瓶"
735,"轻麸",6.5,"包"
736,"达摩4号",10,"盘"
737,"斩妖123节",0,"个"
738,"吴亚浮底抽心原味",19,"包"
739,"酸臭方块特慢",320,"件"
740,"酸臭方块慢",8,"包"
741,"鬼牙鲢鳙钩",3,"包"
742,"九狼鲢鳙钩",3,"包"
743,"鲫炮2号",21,"包"
744,"鸡肝浓腥方块",6.2,"包"
745,"快意江湖鲤窝",21,"包"
746,"打鱼郎腰裤",60,"条"
747,"伊势尼",2.5,"包"
748,"硅胶浮漂座",0.2,"个"
749,"青鲤质剑杆稍",0,"支"
750,"3米锚杆",88,"支"
751,"PE线150m",25,"盘"
752,"精品鱼护35公分",24,"个"
753,"老鬼鱼护35公分",48,"个"
754,"神奇玉米",4,"瓶"
755,"牛P红虫颗粒小",2.5,"包"
756,"颗粒",1.2,"包"
757,"7m麻毫",60,"个"
758,"中号",6.5,"个"
759,"小号",13,"个"
760,"搬网",45,"个"
761,"一次性雨衣",4.5,"件"
762,"防鸟网长头",17,"条"
763,"好鸟网",35,"条"
764,"2m网湘",38,"个"
765,"无刺",3.5,"包"
766,"纳米大头漂",3,"支"
767,"九一八香经典狂拉",7.8,"包"
768,"黑坑线组3.6-5.4m",5,"付"
769,"锐鹰子线钩袖有刺",3,"包"
770,"筏钓杆",14,"支"
771,"1十1鲤草",4,"瓶"
772,"方块鲢鳙钩二代",3.5,"包"
773,"粗线手工网袋",20,"个"
774,"袖套",10,"套"
775,"90公分帆布包",45,"个"
776,"乾坤袋",15,"个"
777,"草莓粉",1.5,"包"
778,"牛B水大瓶",7,"瓶"
779,"刘志强三体",11.5,"包"
780,"土肥富钩",2.8,"包"
781,"100m渔风子",15,"盘"
782,"赛道挂饵",14,"瓶"
783,"黄绿湘霸",165,"件"
784,"老坛甜薯玉米",270,"件"
785,"白鲨酸臭方块二代",7.8,"包"
786,"雾化粘粉",1.6,"包"
787,"8m失手绳",4.6,"个"
788,"钓箱36l",240,"台"
789,"50cm一体桶",68,"个"
790,"黄湘霸红虫",165,"件"
791,"水桶",48,"个"
792,"粗线网袋",6.5,"个"
793,"老坛酒香玉米",7.6,"包"
794,"2.1m路亚杆",38,"支"
795,"2.4m战鲸路亚",90,"支"
796,"蛮将2.4m",25,"支"
797,"轮朔头",23,"个"
798,"纵横四方升级鲤炮1号",21,"包"
799,"打水桶直径22",8.5,"个"
800,"海杆单插",0.9,"个"
801,"特大红海漂",68,"包"
802,"不锈钢饵笼",1.8,"个"
803,"打窝器",1,"个"
804,"加厚网头",12,"个"
805,"串钩铅",2.2,"个"
806,"100m名冠",20,"盘"
807,"赤尾青",3.5,"包"
808,"锚杆",95,"支"
809,"湖库版速攻",7.8,"包"
810,"方块",8,"包"
811,"水滴轮",55,"个"
812,"路亚铅",0.75,"个"
813,"兰色血防鞋",28,"双"
814,"万能表线",10,"个"
815,"1十1草鲫鯉",4,"瓶"
816,"长雨衣",36,"件"
817,"21号蚯蚓",2,"盒"
818,"钓名纳米漂",4,"支"
819,"西部风老坛玉米",8,"包"
820,"氨基果酸",5,"瓶"
821,"防挂网头",12,"个"
822,"3.94.8m",5,"付"
823,"鲫鱼三层网",38,"条"
824,"菜枯饼钩处理",3,"包"
825,"菜枯饼钩",3,"包"
826,"腰裤",40,"条"
827,"纵横四方1号",17,"包"
828,"达魔线100m",10,"盘"
829,"巨物线100m",5,"盘"
830,"海绵漂",1.5,"个"
831,"大密木抄网",13,"个"
832,"纵横四方6号1号",21,"包"
833,"来得快号",6.5,"包"
834,"铭风鲤",65,"支"
835,"1十1鲫草",4,"瓶"
836,"小瓶玉米",2,"瓶"
837,"线组7.24.5m",5,"付"
838,"全能窝谷子大师",9,"包"
839,"清水漂",0.6,"支"
840,"三层网1米",65,"条"
841,"1.2米三层网",72,"条"
842,"巨物线组",12,"盘"
843,"虾鳝全能诱",8,"瓶"
844,"三层网刁网",65,"条"
845,"巨物线组6.3m",12,"盘"
846,"8.1m",5,"付"
847,"千秋钩",2.5,"包"
848,"圆太空豆",14,"盒"
849,"巨物线组7.2m",12,"盘"
850,"白达摩线",10,"盘"
851,"钢丝失手绳",4,"个"
852,"120米路滑线组",13,"盘"
853,"雪花粉",3.5,"包"
854,"来得快酒米",2.4,"瓶"
855,"浮底抽果味",37,"包"
856,"方格笼",22,"个"
857,"速攻腥版",4,"包"
858,"白鲨草莓方块",310,"件"
859,"白鲨酸草莓方块",8.3,"包"
860,"1指网",8.5,"条"
861,"3517劳保雨鞋",30,"双"
862,"野钓青春浓腥",6.5,"包"
863,"野钓青春腥香",6.5,"包"
864,"野钓青春香",6.5,"包"
865,"铁圈木抄网",18,"个"
866,"九一八加狂拉",7.8,"包"
867,"5.4米处理杆",14,"支"
868,"颗粒草鲤",1.2,"包"
869,"巨物100m",5,"盘"
870,"锐鹰子线钩有刺无刺",2.8,"包"
871,"红黄绿湘霸",6.6,"包"
872,"鲫草颗粒",1.2,"包"
873,"黑坑线组5.5m",5,"付"
874,"河鱼王2号",8,"包"
875,"黑坑线组3.6米",5,"付"
876,"维它米",6.5,"瓶"
877,"3.9m",5,"付"
878,"黑坑线组5.4m",5,"付"
879,"黑坑线组6.3",5,"付"
880,"3.64.55.4m线组",2.5,"付"
881,"毛巾",4.5,"条"
882,"鲢鱼方块",3.3,"包"
883,"40g",0.9,"个"
884,"天元6.3m",38,"支"
885,"大号水桶",10.5,"个"
886,"天元630",38,"支"
887,"1十1颗粒",4,"瓶"
888,"黑坑线组4.5",5,"付"
889,"6.3m线组",5,"付"
890,"7.2m线组",5,"付"
891,"纵纵横四方2号",21,"包"
892,"1十1鲫鲤草",4,"瓶"
893,"3.9m黑坑线组",5,"付"
894,"黑坑线组7.m",5,"付"
895,"岸田防缠炸弹钩",5,"包"
896,"红绿黄湘霸",6.6,"包"
897,"30克铅坠",0.75,"个"
898,"1十1鲫草",4,"瓶"
899,"黑坑线组4.8m",5,"付"
900,"达瓦三代",80,"支"
901,"天下鲫",9,"包"
902,"白鲨酸臭二代方块",8.2,"包"
903,"取钩器好",0.8,"个"
904,"皮圈别针",0.7,"包"
905,"硅胶大物太空豆",90,"包"
906,"4.5m线组",5,"付"
907,"浅水电子漂",5,"套"
908,"西部风维它米",9,"瓶"
909,"黑坑线组4.55.4",5,"付"
910,"宏马支架",25,"个"
911,"黑钢支架",16,"个"
912,"翘嘴",6.5,"包"
913,"1十1鲤",4,"瓶"
914,"达摩线100m",10,"盘"
915,"100米井野",20,"盘"
916,"100米鱼风子",20,"盘"
917,"越锋4.5m小矶",160,"支"
918,"伙食米红",6.8,"瓶"
919,"七丈青甜嫩玉米",5.5,"包"
920,"刻度铅",0.4,"个"
921,"刻铅",0.55,"个"
922,"洋油小饼",4,"包"
923,"有节虾笼",19.5,"个"
924,"酸甜玉米",6,"包"
925,"爆炸鲢饵",6.8,"包"
926,"飞盘网单线",52,"条"
927,"飞盘网轮胎线",60,"条"
928,"雨鞋",28,"个"
929,"精工线组",3,"付"
930,"花抄网",12,"套"
931,"俏蝴蝶",1,"包"
932,"子线盒",10,"个"
933,"骨肉王",15,"包"
934,"天元易包搞定腥",12,"包"
935,"河鱼王方块",8,"包"
936,"地狱猫腥香",6.9,"包"
937,"钩伊势尼",2.5,"包"
938,"柱型铅",0.45,"个"
939,"吴亚浮底抽心2代",28,"包"
940,"线",0,"个"
941,"1.5指",8.5,"条"
942,"海竿轮",26,"个"
943,"黑漂",50,"包"
944,"尼龙线",6,"坨"
945,"100米大力马",10,"盘"
946,"伙食米黄",5.4,"瓶"
947,"补蚯蚓15盒",0,"个"
948,"花抄网杆",12,"支"
949,"加粗抄网杆",19,"支"
950,"全能香50包",7.8,"包"
951,"九一八野战篇",7.8,"包"
952,"5.4米3.0",5,"付"
953,"6.3m2.53.0",5,"付"
954,"7.2m2.53.5",5,"付"
955,"漂同",0,"个"
956,"补舞动天元嫩玉米",0,"包"
957,"8分三层网",65,"条"
958,"红绿黄湘霸",165,"件"
959,"海竿手把",3.5,"个"
960,"精品鱼护",23,"个"
961,"金属轮无间隙",65,"个"
962,"补蚯蚓",0,"盒"
963,"速攻腥香狂拉",7.8,"包"
964,"PE线100m",18,"盘"
965,"中号木抄网密",9,"个"
966,"带付雨衣",4.5,"个"
967,"好3指4指",42,"条"
968,"3层4指",38,"条"
969,"地笼王有结",65,"个"
970,"3层5指",38,"条"
971,"快意江湖鲫鲤窝",21.5,"包"
972,"3指4指",38,"条"
973,"浮底抽心2代",28,"包"
974,"浮低抽心果味",37,"包"
975,"浮底抽心原味",37,"包"
976,"浮底抽心果味",18.5,"包"
977,"来得快3号4号",6.5,"包"
978,"14号虾皮钩",2.4,"包"
979,"浮底抽心原味果味",18.5,"包"
980,"达魔线8号",10,"盘"
981,"三层网3指4指",38,"条"
982,"海竿电子漂",3.5,"套"
983,"三指",14,"条"
984,"荧光炸弹钩",5,"包"
985,"谷子大师全能窝",288,"件"
986,"好3指6指",42,"条"
987,"来得快34号",6.3,"包"
988,"塑心铅",0.6,"个"
989,"三层网差价",10,"条"
990,"三层3指",38,"条"
991,"三层网3指",38,"条"
992,"6指",100,"条"
993,"三层网4指5指",90,"条"
994,"长头1指铅脚",42,"条"
995,"鱼篓",17,"个"
996,"7。2m黑坑线组",5,"付"
997,"有刺双钩",2.7,"包"
998,"不锈钢网头",10.5,"个"
999,"电瓶头灯",21,"个"
1000,"RSTX",125,"支"
1001,"硅胶巨物豆",1,"个"
1002,"黑坑线组3.6m",5,"付"
1003,"3.6杆",9.5,"支"
1004,"中湘达头灯1190",16,"个"
1005,"中湘达头灯1280",36,"个"
1006,"壹明王头灯充电器",7,"个"
1007,"路亚轮",62,"个"
1008,"轮胎线",5,"坨"
1009,"战鲸路亚2.1m",85,"支"
1010,"海竿尖12节",0,"个"
1011,"1十1鲤鲫",4,"瓶"
1012,"黑坑线组4,5m",5,"付"
1013,"老G黄尾刺客",5.5,"包"
1014,"白鲨菜柏饼",312,"件"
1015,"老坛甜薯玉米果酸玉米",270,"件"
1016,"好漂座",1.2,"包"
1017,"浮漂",1.5,"支"
1018,"大物纳米漂白色",4,"支"
1019,"红虫蚯蚓虾料",2.5,"盒"
1020,"名捕拉",6,"瓶"
1021,"螺鲤",12.8,"包"
1022,"三节打窝勺",2.6,"个"
1023,"君子剑",95,"支"
1024,"鸭血米麦",6.8,"瓶"
1025,"小网子",5.5,"个"
1026,"白鲨菜粕饼",8,"包"
1027,"樱花钓竿",70,"支"
1028,"路亚手绑带",2.5,"个"
1029,"大号鱼笼",22,"个"
1030,"铅头钩5g",18,"包"
1031,"手绑伊豆海夕",12,"板"
1032,"小圆笼",18,"个"
1033,"白饵料球",0.3,"个"
1034,"彩诱小米",6,"瓶"
1035,"锐鹰双笼",6,"盒"
1036,"特大黑漂",0.7,"包"
1037,"钢丝鱼笼",12,"个"
1038,"子线",7,"盘"
1039,"加粗不锈钢支架",17,"个"
1040,"湘霸红虫",6.6,"包"
1041,"志强鲢鳙二代",12.2,"包"
1042,"磷蝦颗粒",6.9,"瓶"
1043,"蜂蜜葡萄嫩玉米",8.8,"包"
1044,"红糖五谷杂粮",9,"包"
1045,"蜂蜜甜薯玉米",6.8,"包"
1046,"葡萄果酸玉米",8.8,"包"
1047,"中药谷麦专家",6.8,"包"
1048,"钓鱼大师红虫酒米",12.5,"瓶"
1049,"圣浪翻板钩",3,"包"
1050,"谷子大师二代",8.8,"包"
1051,"小肽鲜腥拉香拉",12,"包"
1052,"鲤炮6号",21,"包"
1053,"万能大爆网",5.6,"包"
1054,"伏虎35公分鱼护",75,"个"
1055,"新关东",2.5,"包"
1056,"鱼护3m",80,"个"
1057,"钓鱼大师酒米",9,"瓶"
1058,"3.6米青龙",11,"支"
1059,"黄鳝小药",7,"瓶"
1060,"白鲨酸二代三代",8,"包"
1061,"翠花7号",7.8,"包"
1062,"来得快43号",6.5,"包"
1063,"钓鱼大师蜂蜜嫩玉米",8.2,"瓶"
1064,"赛道2代",14,"瓶"
1065,"黄尾杀手",6,"包"
1066,"鱼护2.5m",75,"个"
1067,"发酵玉米",4.6,"包"
1068,"锐鹰子线钩08",3,"包"
1069,"白鲨三代",7.8,"包"
1070,"西部风老坛甜薯果酸玉米",7.6,"包"
1071,"钓鱼大师方块",8.5,"包"
1072,"达瓦配节",10,"套"
1073,"特大电子黑朔料漂",3.8,"套"
1074,"天下酸",8.5,"包"
1075,"摇手",4,"个"
1076,"果酸榴莲饼",8,"包"
1077,"西北风果酸嫩玉米",7.8,"包"
1078,"铅坠",0.7,"个"
1079,"软饵",3.5,"包"
1080,"博大师",120,"支"
1081,"黑坑线组9m",5,"付"
1082,"西部风果酸嫩玉米",7.8,"包"
1083,"西部风蜂蜜嫩玉米",7.6,"包"
1084,"全能果浪",5,"包"
1085,"龙王恨果色天香",5.3,"包"
1086,"今晚吃鱼果燃心动",6.5,"包"
1087,"竿稍",4,"支"
1088,"翘鳊专用钩",5,"盘"
1089,"龙王恨高品拉丝粉",5.8,"瓶"
1090,"巨物线组9m",12,"盘"
1091,"配件",10,"支"
1092,"天元青草鳊",6.6,"包"
1093,"巨物线组8.1m",12,"盘"
1094,"中湘达",58,"个"
1095,"黑三角铝合金抄网",32,"套"
1096,"钓鱼大师红糖五谷杂粮",9,"包"
1097,"好鱼护",75,"个"
1098,"双层鲢鳙钩",4,"付"
1099,"便宜线组4,5m",2,"付"
1100,"特大海杆电子漂",3.8,"套"
1101,"西北风蜂蜜嫩玉米",8,"包"
1102,"子线仕挂",4.2,"板"
1103,"山城老坛玉米",6.8,"包"
1104,"壹明王头灯黄光",65,"个"
1105,"翠花5号",7.8,"包"
1106,"翠花1号",7.8,"包"
1107,"翠花2号",249,"件"
1108,"大红漂",45,"个"
1109,"50m",5,"盘"
1110,"钓鱼大师天下酸",8,"包"
1111,"钓鱼大师大草莓",8,"包"
1112,"西部风嫩玉米",8,"包"
1113,"不锈钢小抄网",9,"个"
1114,"儿童小抄网",2.3,"个"
1115,"仿生鱼",3,"个"
1116,"红绳",1,"扎"
1117,"5.4m线组",5,"付"
1118,"铁卡",3,"个"
1119,"10米失手绳",5.5,"付"
1120,"黑坑线组2.5m",5,"付"
1121,"全金属SK8000远投轮",130,"个"
1122,"8.1m线组",5,"付"
1123,"西北风嫩玉米",7.5,"包"
1124,"果色天香",5.3,"包"
1125,"青龙3.6m",11,"支"
1126,"处理单笼",2.5,"个"
1127,"钢丝",2,"根"
1128,"红绿湘霸",6.6,"包"
1129,"提",10,"件"
1130,"纵横四方鲤炮1号",16,"包"
1131,"河鱼王腥臭",7.3,"包"
1132,"蜂蜜中药嫩玉米",8,"瓶"
1133,"海杆铅",0,"个"
1134,"红线",0.7,"扎"
1135,"小笼",13,"个"
1136,"鲫鲤草颗粒",1.2,"包"
1137,"有节黄鳝笼",8.5,"个"
1138,"农田鞋",20,"双"
1139,"大防鸟网",17,"条"
1140,"7节笼拱门龙",7.5,"个"
1141,"7节黄善笼",4.8,"个"
1142,"提纲1指铁脚网",17,"个"
1143,"大浮铅脚",45,"条"
1144,"中湘达1280头灯",36,"个"
1145,"万江鱼",244,"件"
1146,"红海杆漂",0.5,"包"
1147,"网箱",25,"个"
1148,"鱼浪碎米",6.8,"瓶"
1149,"进口丝三层网5指",90,"条"
1150,"进口丝三层网6指",90,"条"
1151,"虾笼带脚",13,"个"
1152,"防鸟网好",8.5,"条"
1153,"黑色朔料球",0.12,"个"
1154,"补370g牛p颗粒",0,"包"
1155,"地笼王补",0,"个"
1156,"进口丝三层网4指",90,"条"
1157,"铁圈网头小",4.5,"个"
1158,"铁圈网头中",5.5,"个"
1159,"下水裤",55,"条"
1160,"地狱猫香湘",6.6,"包"
1161,"野钓青春腥香",6,"包"
1162,"好水上漂",3.5,"个"
1163,"绞线撒网",150,"条"
1164,"线组7.2",2.5,"付"
1165,"32号钩",0.6,"个"
1166,"KM无间隙7000",65,"个"
1167,"大号连接环",25,"包"
1168,"鲶鱼钩",0.6,"个"
1169,"打渔郎下水裤黑",60,"条"
1170,"蛇袋",5,"个"
1171,"大号网袋",8,"个"
1172,"红太阳黄善药",9,"瓶"
1173,"4指网",14,"条"
1174,"雨鞋代付",20,"双"
1175,"撒网绳",0,"个"
1176,"平口密木抄网",9,"个"
1177,"中号木抄网平口大网眼",9,"个"
1178,"中号木抄网圆密",9,"个"
1179,"12尺链条飞盘网",85,"条"
1180,"黑坑线组4.8米",5,"付"
1181,"大号晒网",15,"个"
1182,"32号钩",0.6,"个"
1183,"海杆漂",0.5,"个"
1184,"好雨衣",55,"套"
1185,"红木漂",1.5,"支"
1186,"防鸟网大",17,"条"
1187,"防鸟网大",17,"条"
1188,"防鸟网中",8.5,"条"
1189,"翘鳊专用双钩",5,"盘"
1190,"悍战",95,"支"
1191,"路亚钳",9,"个"
1192,"碳素抄网杆",42,"套"
1193,"姚匠浅水漂",1.4,"支"
1194,"锐鹰无刺",2.8,"包"
1195,"老坛甜玉米",7.8,"包"
1196,"100m漁风子",20,"盘"
1197,"100m讯达",20,"盘"
1198,"炸弹钩",4.5,"包"
1199,"尖峰100m",20,"盘"
1200,"竿尖线",0,"个"
1201,"盒装翻板钩",4,"盒"
1202,"玉米",1.8,"瓶"
1203,"湘霸红黄绿",6.6,"包"
1204,"红黄湘霸",6.6,"包"
1205,"天网五谷杂粮",6.2,"包"
1206,"处理锚钩",3,"个"
1207,"元月25号",0,"个"
1208,"进口丝三层网",100,"条"
1209,"全金属GTR10000锚轮",130,"个"
1210,"5000朔头",23,"个"
1211,"90公分竿包",18,"个"
1212,"小肽鲜腥拉",12.5,"包"
1213,"小肽香甜拉",12.5,"包"
1214,"金海夕钩",2.5,"包"
1215,"渔风子",20,"盘"
1216,"快意江湖鲤",21,"包"
1217,"战鲸路亚",90,"支"
1218,"草鲤颗粒",1.2,"包"
1219,"鱼锁",10.5,"付"
1220,"黄颡窝王",4,"包"
1221,"经典黑大坑",310,"支"
1222,"鑫诺郎",125,"支"
1223,"欠；2.1m路亚2支",0,"个"
1224,"补路亚竿2支",0,"个"
1225,"鱼护40公分",78,"个"
1226,"塑头LF6000",26,"个"
1227,"锐鹰袖无刺",3,"包"
1228,"鱼浪小米",6.8,"瓶"
1229,"洞庭腰裤",45,"个"
1230,"钓鱼大师五谷杂粮",9.1,"包"
1231,"海杆圆地插",2.4,"个"
1232,"伙食米碎",6.6,"瓶"
1233,"PE线5号",50,"盘"
1234,"水滴铅",2.2,"个"
1235,"三叉环",0.4,"个"
1236,"软芯铅",0.75,"个"
1237,"GA无间隙",63,"个"
1238,"ACE无间隙",46,"个"
1239,"快意江湖鲫窝鲤",21,"包"
1240,"路亚别针",1.2,"包"
1241,"路亚线杯XM3000",58,"个"
1242,"西北风甜薯嫩玉米",266,"件"
1243,"翘嘴专用双钩",50,"包"
1244,"锐鹰休闲子线双钩",6,"板"
1245,"翘鳊专用钩8号",5,"盘"
1246,"9号",5,"盘"
1247,"10号",5,"盘"
1248,"老鬼小肽",12.5,"包"
1249,"湘霸方块",6.6,"包"
1250,"黑坑线组4.5m5.4m",5,"付"
1251,"长木漂",1.5,"支"
1252,"活鱼桶处理",8,"个"
1253,"100m墨攻",12,"盘"
1254,"两天圆别针",18,"包"
1255,"数据线",15,"根"
1256,"代付货款",165,"件"
1257,"老鬼南极磷蚯拉虾",8,"包"
1258,"钓鱼大玉米",9,"包"
1259,"手工网袋",4.2,"个"
1260,"黑坑线组3,。6m",5,"付"
1261,"钓鱼大师红糖玉米",8.8,"包"
1262,"线组",2,"付"
1263,"鸟网好",35,"条"
1264,"大木抄网",13,"个"
1265,"中号大眼木抄网",9.5,"个"
1266,"尖峰50米",6,"盘"
1267,"100m金盾",12,"盘"
1268,"1指三层",65,"条"
1269,"小密木抄网",9,"个"
1270,"大号木抄网圆",13,"个"
1271,"大号木抄网平口",13,"个"
1272,"三指网",14,"条"
1273,"大凁攻2号",8,"包"
1274,"天网伙食米800克",6.8,"瓶"
1275,"吴亚浮底抽心果味2代",28,"包"
1276,"蚊香",5,"包"
1277,"鲫草鱼颗粒",1.2,"包"
1278,"小抄网",10,"个"
1279,"鲤鱼颗粒",1.2,"包"
1280,"4指三层",38,"条"
1281,"黑坑线组6.37.2",5,"付"
1282,"地狱猫腥香",6.8,"包"
1283,"帽子",11,"个"
1284,"好纳米漂",2.5,"支"
1285,"浅水漂天鸥",1.3,"支"
1286,"吴亚浮底抽心",18.5,"包"
1287,"普通纳米漂",1.5,"支"
1288,"易包搞定香腥",12,"包"
1289,"黄糠饼",9.5,"个"
1290,"精品小鱼护25公分",15,"个"
1291,"扎带",5,"包"
1292,"江苏大鲫",10.5,"包"
1293,"线组3.64.5",2.5,"付"
1294,"翠花7号5号",7.8,"包"
1295,"绿方块",6.6,"包"
1296,"手绑金海夕有刺",12,"板"
1297,"精品线组",2.8,"付"
1298,"友邦电池",0.6,"个"
1299,"三角抄网",15,"个"
1300,"不锈钢抄网竿",11,"支"
1301,"1.9m",10,"支"
1302,"鲢鳙电子漂",3.5,"套"
1303,"2m网",65,"条"
1304,"大包虾饵",5.6,"包"
1305,"万江鱼腥臭方块",7,"包"
1306,"22cm轮",14,"个"
1307,"黑坑线组4.55.46.3",5,"付"
1308,"饵料盆",3.5,"个"
1309,"红黄绿湘霸",165,"件"
1310,"皮管",25,"捆"
1311,"小鱼袋",2.5,"个"
1312,"朔芯铅",0.65,"个"
1313,"34指网",14,"条"
1314,"加密大口地笼王",130,"个"
1315,"鲫草鲤颗粒",1.2,"包"
1316,"退货",0,"个"
1317,"特大黑色鲢鳙漂",0.65,"个"
1318,"黑鲢鳙漂",0.5,"个"
1319,"1号海漂",50,"包"
1320,"三层3指4指",38,"条"
1321,"大号木抄网密",13,"个"
1322,"进口丝三层网456指",100,"条"
1323,"锐鹰子线无刺",2.7,"包"
1324,"铁圈网头小",5.5,"个"
1325,"中湘达1299",55,"个"
1326,"4.5米",14,"支"
1327,"连接环",25,"包"
1328,"摇臂大",4.5,"个"
1329,"小",4,"个"
1330,"野钓青春腥香",6,"包"
1331,"6.3m精品线组",2.8,"付"
1332,"红虫鲫",2.5,"包"
1333,"铁圈网头中号",6.5,"个"
1334,"特效王大爆网",5.6,"包"
1335,"笼网宝药包",2.5,"包"
1336,"代付运费",5,"件"
1337,"鲢鱼漂特大",0.7,"个"
1338,"鲫草鱼颗粒",1.2,"包"
1339,"加厚抄网头",13,"个"
1340,"九一八狂拉腥香",7.8,"包"
1341,"处理杆",25,"支"
1342,"加8孔伞笼",10,"个"
1343,"上欠货款",99,"个"
1344,"中号铁圈木抄网",12,"个"
1345,"大号铁圈木抄网",15,"个"
1346,"好4指网",40,"条"
1347,"鱼浪酒米黄",2.5,"瓶"
1348,"碳素支架",35,"套"
1349,"防挂鱼护",9,"个"
1350,"小肽鲜腥拉香拉",12,"包"
1351,"短把木抄网",7,"个"
1352,"超诱",2.5,"包"
1353,"塑头DF5000金色",24,"个"
1354,"塑头LF5000",22,"个"
1355,"头灯",20,"个"
